<students>
    <student>
        <id>1</id>
        <name>student1</name>
        <age>20</age>
        <grade>A</grade>
    </student>
    <student>
        <id>2</id>
        <name>student2</name>
        <age>21</age>
        <grade>B</grade>
    </student>
    <student>
        <id>3</id>
        <name>student3</name>
        <age>22</age>
        <grade>C</grade>
    </student>
    <student>
        <id>4</id>
        <name>student4</name>
        <age>23</age>
        <grade>A</grade>
    </student>
    <student>
        <id>5</id>
        <name>student5</name>
        <age>24</age>
        <grade>B</grade>
    </student>
</students>